{
  "loss": [
    2.6907582022927024,
    2.301061469858343,
    2.3002442836761476,
    2.2981562506068838,
    2.297715100375089,
    2.2968871203335848,
    2.296568116274747,
    2.2968069076538087,
    2.2953923572193493,
    2.2942750042135067,
    2.291925551674583,
    2.2843209223313763,
    2.240428168123419,
    2.118056152083657,
    2.006613436612216,
    1.8963227272033691,
    1.8046302437782287,
    1.7036376096985557,
    1.6447525349530308,
    1.5392644362016157,
    1.4490467277440158,
    1.3259018009359187,
    1.1887551844120026,
    1.138848576220599,
    1.0262175771323117,
    1.0295914102684367,
    0.8506001038984818,
    0.7514000139453194,
    0.8190746269442818,
    0.6938471246849407,
    0.6368176872080022,
    0.6296428948640823,
    0.5251498588106849,
    0.46256967186927794,
    0.44827487089417195,
    0.4330814093351364,
    1.8296232835813002,
    0.46448593627322804,
    0.710513191873377,
    0.5033022772182117,
    0.4693762275305661,
    0.35968980585986915,
    0.3211180476979776,
    0.36029460267587143,
    0.31467946124347773,
    0.29688608714125375,
    0.2787413460287181,
    0.2743916151198474,
    0.2902762293815613,
    0.2525139912285588,
    0.1819438901137222,
    0.16153774119236253,
    0.14952182437885891,
    0.14615027884190732,
    0.15259382277727127,
    0.1485551125623963,
    0.14594728235494006,
    0.1485704232345928,
    0.13979802964763208,
    0.1381069499660622,
    0.1353149507872083,
    0.13490568453615362,
    0.13417927798899737,
    0.1336060781031847,
    0.13936826664615762,
    0.13464755341410636,
    0.13418314402753656,
    0.12894470281898976,
    0.1262391781603748,
    0.12172572263939814,
    0.11920378506183624,
    0.12485075576061552,
    0.12984484346075492,
    0.12034886946732348,
    0.1210159785029563,
    0.1181196682493795,
    0.125604459033771,
    0.11903048472648317,
    0.11591439148919148,
    0.12139055901630358,
    0.11050389371812344,
    0.12192198908464476,
    0.1167172293771397,
    0.11808237958360802,
    0.11440425968982956,
    0.11580420823937113,
    0.11704468347809531,
    0.10817558145658536,
    0.1101214218207381,
    0.11291615305976434,
    0.10969156020066954,
    0.10583142326636748,
    0.10842605653134259,
    0.10312128944153136,
    0.11099555949595842,
    0.10859408026391809,
    0.10750091350214049,
    0.1052965726534074,
    0.10124865269119089,
    0.10496307706291025
  ],
  "accuracy": [
    10.717230008244023,
    10.6760098928277,
    11.211871393239901,
    11.170651277823579,
    10.758450123660346,
    11.33553173948887,
    10.593569661995053,
    10.882110469909316,
    10.387469084913437,
    10.6760098928277,
    10.923330585325639,
    13.190436933223413,
    18.63149216817807,
    26.628194558944767,
    33.96537510305029,
    34.8722176422094,
    37.38664468260511,
    45.0123660346249,
    49.71145919208574,
    31.162407254740312,
    56.63643858202803,
    64.13849958779885,
    59.480626545754326,
    73.99010717230009,
    69.45589447650454,
    74.27864798021434,
    81.65704863973619,
    78.02967848309976,
    81.24484748557296,
    84.62489694971146,
    88.21104699093158,
    86.93322341302556,
    87.92250618301732,
    87.13932399010717,
    88.87056883759274,
    82.76999175597692,
    83.84171475680132,
    75.10305028854081,
    91.26133553173949,
    91.4674361088211,
    89.3239901071723,
    91.0964550700742,
    90.27205276174773,
    93.44600164880461,
    93.32234130255564,
    90.51937345424567,
    94.92992580379224,
    94.3116240725474,
    91.92085737840065,
    90.3957131079967,
    95.67188788128607,
    96.24896949711459,
    96.41384995877988,
    96.45507007419621,
    96.49629018961254,
    96.82605111294312,
    96.53751030502886,
    96.7848309975268,
    96.53751030502886,
    96.66117065127783,
    96.37262984336355,
    96.74361088211047,
    96.6199505358615,
    96.70239076669415,
    96.90849134377576,
    96.66117065127783,
    96.12530915086562,
    96.70239076669415,
    96.12530915086562,
    97.11459192085738,
    96.16652926628194,
    96.0840890354493,
    96.99093157460841,
    96.7848309975268,
    96.6199505358615,
    97.11459192085738,
    96.41384995877988,
    97.07337180544106,
    96.99093157460841,
    97.07337180544106,
    97.1558120362737,
    96.49629018961254,
    96.29018961253091,
    97.07337180544106,
    96.70239076669415,
    97.07337180544106,
    96.90849134377576,
    96.74361088211047,
    96.53751030502886,
    97.23825226710635,
    95.919208573784,
    96.74361088211047,
    96.70239076669415,
    96.74361088211047,
    97.03215169002473,
    96.41384995877988,
    97.07337180544106,
    96.53751030502886,
    96.94971145919209,
    97.03215169002473
  ]
}